Workbook

Sheet Instructions
A1: Northgate Supply Co. — Risk Register and POA&M
A2: MCCoE Week 10 workbook
A3: Fictional scenario for training. Northgate Supply Co. and everyone in it are made up.
A5: Risk Register: list Northgate's 8–10 most important risks. Each risk names the threat, what it would hurt, and the evidence IDs that show the weakness.
A6: Pick Likelihood and Impact from the drop-downs. The Rating fills in by itself from the matrix on the Lists sheet.
A7: Heat Map: counts your risks by likelihood and impact. Use it (or a picture of it) in your report and slide deck.
A8: POA&M (Plan of Action & Milestones): one row for every question you scored Somewhat (25%) or Not Compliant (0%),
A9: plus any question scored Mostly (50%) that is behind a Critical or High risk in your Risk Register.
A10: Say what is missing (with evidence IDs), the action that fixes it, who owns it, and when it should be done (milestone).
A11: Risk register vs POA&M: the risk register says WHAT could go wrong and how bad it is. The POA&M says WHAT WE WILL DO about each gap, by WHEN.

Sheet Risk Register
A1: # | B1: Risk (threat → what it hurts) | C1: Evidence IDs | D1: Likelihood | E1: Impact | F1: Rating | G1: CSF | H1: Owner | I1: Status
A2: R1 | F2: =IF(OR(D2="",E2=""),"",INDEX(Lists!$B$2:$E$4,MATCH(D2,Lists!$A$2:$A$4,0),MATCH(E2,Lists!$B$1:$E$1,0)))
A3: R2 | F3: =IF(OR(D3="",E3=""),"",INDEX(Lists!$B$2:$E$4,MATCH(D3,Lists!$A$2:$A$4,0),MATCH(E3,Lists!$B$1:$E$1,0)))
A4: R3 | F4: =IF(OR(D4="",E4=""),"",INDEX(Lists!$B$2:$E$4,MATCH(D4,Lists!$A$2:$A$4,0),MATCH(E4,Lists!$B$1:$E$1,0)))
A5: R4 | F5: =IF(OR(D5="",E5=""),"",INDEX(Lists!$B$2:$E$4,MATCH(D5,Lists!$A$2:$A$4,0),MATCH(E5,Lists!$B$1:$E$1,0)))
A6: R5 | F6: =IF(OR(D6="",E6=""),"",INDEX(Lists!$B$2:$E$4,MATCH(D6,Lists!$A$2:$A$4,0),MATCH(E6,Lists!$B$1:$E$1,0)))
A7: R6 | F7: =IF(OR(D7="",E7=""),"",INDEX(Lists!$B$2:$E$4,MATCH(D7,Lists!$A$2:$A$4,0),MATCH(E7,Lists!$B$1:$E$1,0)))
A8: R7 | F8: =IF(OR(D8="",E8=""),"",INDEX(Lists!$B$2:$E$4,MATCH(D8,Lists!$A$2:$A$4,0),MATCH(E8,Lists!$B$1:$E$1,0)))
A9: R8 | F9: =IF(OR(D9="",E9=""),"",INDEX(Lists!$B$2:$E$4,MATCH(D9,Lists!$A$2:$A$4,0),MATCH(E9,Lists!$B$1:$E$1,0)))
A10: R9 | F10: =IF(OR(D10="",E10=""),"",INDEX(Lists!$B$2:$E$4,MATCH(D10,Lists!$A$2:$A$4,0),MATCH(E10,Lists!$B$1:$E$1,0)))
A11: R10 | F11: =IF(OR(D11="",E11=""),"",INDEX(Lists!$B$2:$E$4,MATCH(D11,Lists!$A$2:$A$4,0),MATCH(E11,Lists!$B$1:$E$1,0)))
A12: R11 | F12: =IF(OR(D12="",E12=""),"",INDEX(Lists!$B$2:$E$4,MATCH(D12,Lists!$A$2:$A$4,0),MATCH(E12,Lists!$B$1:$E$1,0)))
A13: R12 | F13: =IF(OR(D13="",E13=""),"",INDEX(Lists!$B$2:$E$4,MATCH(D13,Lists!$A$2:$A$4,0),MATCH(E13,Lists!$B$1:$E$1,0)))

Sheet Heat Map
A1: Risk Heat Map (Likelihood × Impact)
A2: Each cell counts the risks in your Risk Register with that likelihood and impact.
A3: Fictional scenario for training. Northgate Supply Co. and everyone in it are made up.
A5: Likelihood \ Impact | B5: Minor | C5: Moderate | D5: Major | E5: Severe
A6: Likely | B6: =COUNTIFS('Risk Register'!$D$2:$D$13,"Likely",'Risk Register'!$E$2:$E$13,"Minor") | C6: =COUNTIFS('Risk Register'!$D$2:$D$13,"Likely",'Risk Register'!$E$2:$E$13,"Moderate") | D6: =COUNTIFS('Risk Register'!$D$2:$D$13,"Likely",'Risk Register'!$E$2:$E$13,"Major") | E6: =COUNTIFS('Risk Register'!$D$2:$D$13,"Likely",'Risk Register'!$E$2:$E$13,"Severe")
A7: Possible | B7: =COUNTIFS('Risk Register'!$D$2:$D$13,"Possible",'Risk Register'!$E$2:$E$13,"Minor") | C7: =COUNTIFS('Risk Register'!$D$2:$D$13,"Possible",'Risk Register'!$E$2:$E$13,"Moderate") | D7: =COUNTIFS('Risk Register'!$D$2:$D$13,"Possible",'Risk Register'!$E$2:$E$13,"Major") | E7: =COUNTIFS('Risk Register'!$D$2:$D$13,"Possible",'Risk Register'!$E$2:$E$13,"Severe")
A8: Unlikely | B8: =COUNTIFS('Risk Register'!$D$2:$D$13,"Unlikely",'Risk Register'!$E$2:$E$13,"Minor") | C8: =COUNTIFS('Risk Register'!$D$2:$D$13,"Unlikely",'Risk Register'!$E$2:$E$13,"Moderate") | D8: =COUNTIFS('Risk Register'!$D$2:$D$13,"Unlikely",'Risk Register'!$E$2:$E$13,"Major") | E8: =COUNTIFS('Risk Register'!$D$2:$D$13,"Unlikely",'Risk Register'!$E$2:$E$13,"Severe")

Sheet POA&M
A1: Priority | B1: CSF | C1: Q# | D1: Gap (what is missing, with evidence IDs) | E1: Recommended action | F1: Owner | G1: Milestone | H1: Effort | I1: Status

Sheet Lists
A1: Likelihood \ Impact | B1: Minor | C1: Moderate | D1: Major | E1: Severe
A2: Unlikely | B2: Low | C2: Low | D2: Medium | E2: Medium
A3: Possible | B3: Low | C3: Medium | D3: Medium | E3: High
A4: Likely | B4: Medium | C4: High | D4: High | E4: Critical
A7: Priority
A8: High
A9: Medium
A10: Low
A11: Effort
A12: Low
A13: Medium
A14: High
A15: Status
A16: Open
A17: In progress
A18: Done
