Workbook

Sheet Instructions
A1: Northgate Supply Co. — NIST CSF 2.0 Assessment Questionnaire
A2: MCCoE Week 9 fieldwork workbook
A3: Fictional scenario for training. Northgate Supply Co. and everyone in it are made up.
A5: 1. For every question, pick a Response in column F from the drop-down list.
A6: Fully (100%) = done completely and there is evidence. Almost (75%) = done, with small gaps.
A7: Mostly (50%) = partly done. Somewhat (25%) = started or informal only. Not Compliant (0%) = not done, or no evidence.
A8: 2. Write the Evidence IDs that support your answer in column I (for example: EV-04, INT-05, SCAN-03).
A9: 3. In column J, write one or two sentences explaining WHY you chose that level.
A10: 4. If what a person told you does not match the documents, trust the evidence, score from the evidence, and write the contradiction in column J.
A11: 5. No evidence means you cannot give credit. 'They said so' alone is not proof.
A12: 6. The Dashboard sheet calculates compliance by NIST CSF function, the CMM maturity score (1 + 4 × compliance), and the hygiene rating.
A13: Unanswered questions count as 0%, so answer all 41.
A14: 7. Weight (column D) shows how important each question is (3 = lower, 10 = very important). Do not change the weights.

Sheet Dashboard
A1: Assessment Dashboard
A2: Calculated from the Questionnaire sheet. Do not type in the grey cells.
A3: Fictional scenario for training. Northgate Supply Co. and everyone in it are made up.
A5: Function | B5: Questions | C5: Answered | D5: Total Weight | E5: Weighted Score | F5: Compliance % | G5: Maturity (CMM 1–5) | H5: Hygiene Rating
A6: Govern | B6: =COUNTIF(Questionnaire!$B$2:$B$42,"Govern") | C6: =COUNTIFS(Questionnaire!$B$2:$B$42,"Govern",Questionnaire!$F$2:$F$42,"<>") | D6: =SUMIF(Questionnaire!$B$2:$B$42,"Govern",Questionnaire!$D$2:$D$42) | E6: =SUMIF(Questionnaire!$B$2:$B$42,"Govern",Questionnaire!$H$2:$H$42) | F6: =IF(D6=0,0,E6/D6) | G6: =1+4*F6 | H6: =IF(F6<0.35,"Basic",IF(F6<0.7,"Intermediate","Good"))
A7: Identify | B7: =COUNTIF(Questionnaire!$B$2:$B$42,"Identify") | C7: =COUNTIFS(Questionnaire!$B$2:$B$42,"Identify",Questionnaire!$F$2:$F$42,"<>") | D7: =SUMIF(Questionnaire!$B$2:$B$42,"Identify",Questionnaire!$D$2:$D$42) | E7: =SUMIF(Questionnaire!$B$2:$B$42,"Identify",Questionnaire!$H$2:$H$42) | F7: =IF(D7=0,0,E7/D7) | G7: =1+4*F7 | H7: =IF(F7<0.35,"Basic",IF(F7<0.7,"Intermediate","Good"))
A8: Protect | B8: =COUNTIF(Questionnaire!$B$2:$B$42,"Protect") | C8: =COUNTIFS(Questionnaire!$B$2:$B$42,"Protect",Questionnaire!$F$2:$F$42,"<>") | D8: =SUMIF(Questionnaire!$B$2:$B$42,"Protect",Questionnaire!$D$2:$D$42) | E8: =SUMIF(Questionnaire!$B$2:$B$42,"Protect",Questionnaire!$H$2:$H$42) | F8: =IF(D8=0,0,E8/D8) | G8: =1+4*F8 | H8: =IF(F8<0.35,"Basic",IF(F8<0.7,"Intermediate","Good"))
A9: Detect | B9: =COUNTIF(Questionnaire!$B$2:$B$42,"Detect") | C9: =COUNTIFS(Questionnaire!$B$2:$B$42,"Detect",Questionnaire!$F$2:$F$42,"<>") | D9: =SUMIF(Questionnaire!$B$2:$B$42,"Detect",Questionnaire!$D$2:$D$42) | E9: =SUMIF(Questionnaire!$B$2:$B$42,"Detect",Questionnaire!$H$2:$H$42) | F9: =IF(D9=0,0,E9/D9) | G9: =1+4*F9 | H9: =IF(F9<0.35,"Basic",IF(F9<0.7,"Intermediate","Good"))
A10: Respond | B10: =COUNTIF(Questionnaire!$B$2:$B$42,"Respond") | C10: =COUNTIFS(Questionnaire!$B$2:$B$42,"Respond",Questionnaire!$F$2:$F$42,"<>") | D10: =SUMIF(Questionnaire!$B$2:$B$42,"Respond",Questionnaire!$D$2:$D$42) | E10: =SUMIF(Questionnaire!$B$2:$B$42,"Respond",Questionnaire!$H$2:$H$42) | F10: =IF(D10=0,0,E10/D10) | G10: =1+4*F10 | H10: =IF(F10<0.35,"Basic",IF(F10<0.7,"Intermediate","Good"))
A11: Recover | B11: =COUNTIF(Questionnaire!$B$2:$B$42,"Recover") | C11: =COUNTIFS(Questionnaire!$B$2:$B$42,"Recover",Questionnaire!$F$2:$F$42,"<>") | D11: =SUMIF(Questionnaire!$B$2:$B$42,"Recover",Questionnaire!$D$2:$D$42) | E11: =SUMIF(Questionnaire!$B$2:$B$42,"Recover",Questionnaire!$H$2:$H$42) | F11: =IF(D11=0,0,E11/D11) | G11: =1+4*F11 | H11: =IF(F11<0.35,"Basic",IF(F11<0.7,"Intermediate","Good"))
A12: OVERALL | B12: =SUM(B6:B11) | C12: =SUM(C6:C11) | D12: =SUM(D6:D11) | E12: =SUM(E6:E11) | F12: =IF(D12=0,0,E12/D12) | G12: =1+4*F12 | H12: =IF(F12<0.35,"Basic",IF(F12<0.7,"Intermediate","Good"))
A15: Response | B15: Count | C15: Share
A16: Fully (100%) | B16: =COUNTIF(Questionnaire!$F$2:$F$42,A16) | C16: =IF($B$12=0,0,B16/$B$12)
A17: Almost (75%) | B17: =COUNTIF(Questionnaire!$F$2:$F$42,A17) | C17: =IF($B$12=0,0,B17/$B$12)
A18: Mostly (50%) | B18: =COUNTIF(Questionnaire!$F$2:$F$42,A18) | C18: =IF($B$12=0,0,B18/$B$12)
A19: Somewhat (25%) | B19: =COUNTIF(Questionnaire!$F$2:$F$42,A19) | C19: =IF($B$12=0,0,B19/$B$12)
A20: Not Compliant (0%) | B20: =COUNTIF(Questionnaire!$F$2:$F$42,A20) | C20: =IF($B$12=0,0,B20/$B$12)
A22: How to read this: Compliance % = weighted score ÷ total weight. Maturity (CMM) = 1 + 4 × compliance, on a 1–5 scale (1 Initial, 2 Repeatable, 3 Defined, 4 Managed, 5 Optimized). Hygiene: Basic under 35%, Intermediate 35–69%, Good 70% and up.

Sheet Questionnaire
A1: Q# | B1: Function | C1: CSF Category | D1: Weight | E1: Question | F1: Response | G1: Score | H1: Weighted Score | I1: Evidence IDs | J1: Why (notes / contradictions)
A2: Q1 | B2: Govern | C2: GV.OC | D2: 8 | E2: Does the organization document its mission, its critical business services, and the systems those services depend on, so that security priorities match the business? | G2: =IF(F2="","",VLOOKUP(F2,Lists!$A$2:$B$6,2,FALSE)) | H2: =IF(F2="",0,D2*G2)
A3: Q2 | B3: Govern | C3: GV.OC | D3: 5 | E3: Does the organization identify and document contacts for law enforcement, regulators, its cyber insurer, and legal counsel? | G3: =IF(F3="","",VLOOKUP(F3,Lists!$A$2:$B$6,2,FALSE)) | H3: =IF(F3="",0,D3*G3)
A4: Q3 | B4: Govern | C4: GV.RM | D4: 9 | E4: Does the organization keep a risk register that is reviewed at planned intervals and after major events? | G4: =IF(F4="","",VLOOKUP(F4,Lists!$A$2:$B$6,2,FALSE)) | H4: =IF(F4="",0,D4*G4)
A5: Q4 | B5: Govern | C5: GV.RM | D5: 7 | E5: Has leadership defined and approved how much cyber risk the organization is willing to accept (risk appetite)? | G5: =IF(F5="","",VLOOKUP(F5,Lists!$A$2:$B$6,2,FALSE)) | H5: =IF(F5="",0,D5*G5)
A6: Q5 | B6: Govern | C6: GV.RR | D6: 10 | E6: Has the organization assigned a qualified person with the authority, time, and budget to run the cybersecurity program? | G6: =IF(F6="","",VLOOKUP(F6,Lists!$A$2:$B$6,2,FALSE)) | H6: =IF(F6="",0,D6*G6)
A7: Q6 | B7: Govern | C7: GV.OV | D7: 8 | E7: Does leadership receive regular cybersecurity reports and make decisions based on them? | G7: =IF(F7="","",VLOOKUP(F7,Lists!$A$2:$B$6,2,FALSE)) | H7: =IF(F7="",0,D7*G7)
A8: Q7 | B8: Govern | C8: GV.PO | D8: 10 | E8: Are cybersecurity policies written, approved by leadership, and shared with all staff? | G8: =IF(F8="","",VLOOKUP(F8,Lists!$A$2:$B$6,2,FALSE)) | H8: =IF(F8="",0,D8*G8)
A9: Q8 | B9: Govern | C9: GV.PO | D9: 7 | E9: Are policies reviewed at planned intervals and after significant changes, such as an incident? | G9: =IF(F9="","",VLOOKUP(F9,Lists!$A$2:$B$6,2,FALSE)) | H9: =IF(F9="",0,D9*G9)
A10: Q9 | B10: Govern | C10: GV.SC | D10: 8 | E10: Does the organization keep a current list of vendors and contractors with access to its systems, and review that access? | G10: =IF(F10="","",VLOOKUP(F10,Lists!$A$2:$B$6,2,FALSE)) | H10: =IF(F10="",0,D10*G10)
A11: Q10 | B11: Govern | C11: GV.SC | D11: 7 | E11: Do vendor contracts include security requirements such as MFA, breach notification, and the right to audit? | G11: =IF(F11="","",VLOOKUP(F11,Lists!$A$2:$B$6,2,FALSE)) | H11: =IF(F11="",0,D11*G11)
A12: Q11 | B12: Identify | C12: ID.AM | D12: 10 | E12: Does the organization keep a complete and current inventory of its hardware (servers, network devices, computers)? | G12: =IF(F12="","",VLOOKUP(F12,Lists!$A$2:$B$6,2,FALSE)) | H12: =IF(F12="",0,D12*G12)
A13: Q12 | B13: Identify | C13: ID.AM | D13: 8 | E13: Does the organization keep an inventory of its software and cloud services, including who approved them? | G13: =IF(F13="","",VLOOKUP(F13,Lists!$A$2:$B$6,2,FALSE)) | H13: =IF(F13="",0,D13*G13)
... A42: Q41 | B42: Recover | C42: RC.CO | D42: 6 | E42: Does the organization plan how it will communicate with staff and customers during recovery? | G42: =IF(F42="","",VLOOKUP(F42,Lists!$A$2:$B$6,2,FALSE)) | H42: =IF(F42="",0,D42*G42)

Sheet Lists
A1: Response | B1: Score
A2: Fully (100%) | B2: 1
A3: Almost (75%) | B3: 0.75
A4: Mostly (50%) | B4: 0.5
A5: Somewhat (25%) | B5: 0.25
A6: Not Compliant (0%) | B6: 0
